id;name;surname;years;email;phone;adress
1;Assistant;Generic heuristic;80068;Dalton_Dickinson@hotmail.com;"4991597553";deposit multi-byte indexing
2;Ball Extended;synthesize mobile;18779;Bethel_Sawayn@hotmail.com;"+0054769283238";quantifying Handmade
3;violet Compatible primary;Credit Card Account;16931;Dale_Moore70@hotmail.com;"8690168458";Rhode Island Court
4;Auto Loan Account revolutionary Concrete;application;8334;Carlee50@hotmail.com;"8865406994";redefine
5;Auto Loan Account;Rustic Cotton Table;92364;Antwan_Emard@gmail.com;"1852428296";Steel black
6;Small Manat upward-trending;Refined Concrete Chips Buckinghamshire;69493;Retta_Aufderhar@hotmail.com;"+661 4964499028";reboot
7;Shirt quantify;generating;37838;Antwon92@hotmail.com;"7087801137";Oregon Mississippi systems
8;Bike connecting Fantastic;transmit Investment Account;26808;Martine_Abshire@gmail.com;"+4769245724258";Ville payment Parkway
9;scalable Washington foreground;SSL;38589;Rene_Zieme50@yahoo.com;"+035-5192554790";Practical Frozen Bacon Netherlands Antillian Guilder Avon
10;Sao Tome and Principe;Solutions;46141;Raoul.Jones44@hotmail.com;"1284268644";generating Buckinghamshire
